{
    "initial_balance": 100000.0,
    "current_cash": 90428.98024463654,
    "portfolio_value": 0.0,
    "total_equity": 90428.98024463654
}