{
    "initial_balance": 100000.0,
    "current_cash": 59695.57997608185,
    "portfolio_value": 0.0,
    "total_equity": 59695.57997608185
}